{
    "dancing script": {
        "normal": "E:\\wamp64\\www\\prescription\\storage\\fonts\/dancing_script_normal_57f62b9db724483dd74bcf7e72f6fa14",
        "500": "E:\\wamp64\\www\\prescription\\storage\\fonts\/dancing_script_500_7ef06bbf2eab695258b736de51053696",
        "600": "E:\\wamp64\\www\\prescription\\storage\\fonts\/dancing_script_600_021a7032258a9368fda9188b94cdea2d",
        "bold": "dancing_script_bold_bd0823ab0770f675ba23d3ebd683592e"
    },
    "notosansbengali": {
        "normal": "notosansbengali_normal_c73ace9d03b9037e566e0a26348f4865"
    }
}